request_id,prefill_ctx,decode_len,d_piece_tokens,stay_tokens,sum_3100_bytes,kv_prefill_ctx_bytes,conserv_3100_ok,sum_3300_bytes,expected_3300_bytes,conserv_3300_ok,sum_1000_bytes,pull_sources
t1s0_r0,1700000,16,1700000,0,891289600000,891289600000,True,0,0,True,0,
t1s1_r0,200,8,200,0,104857600,104857600,True,0,0,True,0,
t1s2_r0,200,8,200,0,104857600,104857600,True,0,0,True,0,
t1s3_r0,200,8,200,0,104857600,104857600,True,0,0,True,0,
t1s4_r0,200,8,200,0,104857600,104857600,True,0,0,True,0,
t1s5_r0,200,8,200,0,104857600,104857600,True,0,0,True,0,
t1s7_r0,200000,16,23832,176168,12494831616,104857600000,True,1477804294144,1477804294144,True,0,
t1s6_r0,200000,16,23624,176376,12385779712,104857600000,True,1479549124608,1479549124608,True,0,
t1s6_r1,203016,16,23832,179184,12494831616,106438852608,True,1503104335872,1503104335872,True,12394168320,0
